id;name;username;email;kd_pwk;role;nm_pemda;password;
1;Administrator;admin;bansos_admin@mail.com;admin;Admin;Rendal Bansos;Bans0sAPBD;
2;Perwakilan BPKP Aceh;pw01;bansos_pw01@mail.com;PW01;Perwakilan BPKP;Prov. Aceh;password;
3;Perwakilan BPKP Sumatera Utara;pw02;bansos_pw02@mail.com;PW02;Perwakilan BPKP;Prov. Sumatera Utara;password;
4;Perwakilan BPKP Sumatera Barat;pw03;bansos_pw03@mail.com;PW03;Perwakilan BPKP;Prov. Sumatera Barat;password;
5;Perwakilan BPKP Riau;pw04;bansos_pw04@mail.com;PW04;Perwakilan BPKP;Prov. Riau;password;
6;Perwakilan BPKP Jambi;pw05;bansos_pw05@mail.com;PW05;Perwakilan BPKP;Prov. Jambi;password;
7;Perwakilan BPKP Bengkulu;pw06;bansos_pw06@mail.com;PW06;Perwakilan BPKP;Prov. Bengkulu;password;
8;Perwakilan BPKP Sumatera Selatan;pw07;bansos_pw07@mail.com;PW07;Perwakilan BPKP;Prov. Sumatera Selatan;password;
9;Perwakilan BPKP Lampung;pw08;bansos_pw08@mail.com;PW08;Perwakilan BPKP;Prov. Lampung;password;
10;Perwakilan BPKP DKI Jakarta;pw09;bansos_pw09@mail.com;PW09;Perwakilan BPKP;Prov. DKI Jakarta;password;
11;Perwakilan BPKP Jawa Barat;pw10;bansos_pw10@mail.com;PW10;Perwakilan BPKP;Prov. Jawa Barat;password;
12;Perwakilan BPKP Jawa Tengah;pw11;bansos_pw11@mail.com;PW11;Perwakilan BPKP;Prov. Jawa Tengah;password;
13;Perwakilan BPKP Daerah Istimewa Yogyakarta;pw12;bansos_pw12@mail.com;PW12;Perwakilan BPKP;Prov. Daerah Istimewa Yogyakarta;password;
14;Perwakilan BPKP Jawa Timur;pw13;bansos_pw13@mail.com;PW13;Perwakilan BPKP;Prov. Jawa Timur;password;
15;Perwakilan BPKP Kalimantan Barat;pw14;bansos_pw14@mail.com;PW14;Perwakilan BPKP;Prov. Kalimantan Barat;password;
16;Perwakilan BPKP Kalimantan Tengah;pw15;bansos_pw15@mail.com;PW15;Perwakilan BPKP;Prov. Kalimantan Tengah;password;
17;Perwakilan BPKP Kalimantan Selatan;pw16;bansos_pw16@mail.com;PW16;Perwakilan BPKP;Prov. Kalimantan Selatan;password;
18;Perwakilan BPKP Kalimantan Timur;pw17;bansos_pw17@mail.com;PW17;Perwakilan BPKP;Prov. Kalimantan Timur;password;
19;Perwakilan BPKP Sulawesi Utara;pw18;bansos_pw18@mail.com;PW18;Perwakilan BPKP;Prov. Sulawesi Utara;password;
20;Perwakilan BPKP Sulawesi Tengah;pw19;bansos_pw19@mail.com;PW19;Perwakilan BPKP;Prov. Sulawesi Tengah;password;
21;Perwakilan BPKP Sulawesi Tenggara;pw20;bansos_pw20@mail.com;PW20;Perwakilan BPKP;Prov. Sulawesi Tenggara;password;
22;Perwakilan BPKP Sulawesi Selatan;pw21;bansos_pw21@mail.com;PW21;Perwakilan BPKP;Prov. Sulawesi Selatan;password;
23;Perwakilan BPKP Bali;pw22;bansos_pw22@mail.com;PW22;Perwakilan BPKP;Prov. Bali;password;
24;Perwakilan BPKP Nusa Tenggara Barat;pw23;bansos_pw23@mail.com;PW23;Perwakilan BPKP;Prov. Nusa Tenggara Barat;password;
25;Perwakilan BPKP Nusa Tenggara Timur;pw24;bansos_pw24@mail.com;PW24;Perwakilan BPKP;Prov. Nusa Tenggara Timur;password;
26;Perwakilan BPKP Maluku;pw25;bansos_pw25@mail.com;PW25;Perwakilan BPKP;Prov. Maluku;password;
27;Perwakilan BPKP Papua;pw26;bansos_pw26@mail.com;PW26;Perwakilan BPKP;Prov. Papua;password;
28;Perwakilan BPKP Papua Barat;pw27;bansos_pw27@mail.com;PW27;Perwakilan BPKP;Prov. Papua Barat;password;
29;Perwakilan BPKP Kepulauan Riau;pw28;bansos_pw28@mail.com;PW28;Perwakilan BPKP;Prov. Kepulauan Riau;password;
30;Perwakilan BPKP Bangka Belitung;pw29;bansos_pw29@mail.com;PW29;Perwakilan BPKP;Prov. Bangka Belitung;password;
31;Perwakilan BPKP Banten;pw30;bansos_pw30@mail.com;PW30;Perwakilan BPKP;Prov. Banten;password;
32;Perwakilan BPKP Gorontalo;pw31;bansos_pw31@mail.com;PW31;Perwakilan BPKP;Prov. Gorontalo;password;
33;Perwakilan BPKP Sulawesi Barat;pw32;bansos_pw32@mail.com;PW32;Perwakilan BPKP;Prov. Sulawesi Barat;password;
34;Perwakilan BPKP Maluku Utara;pw33;bansos_pw33@mail.com;PW33;Perwakilan BPKP;Prov. Maluku Utara;password;
35;Perwakilan BPKP Kalimantan Utara;pw34;bansos_pw34@mail.com;PW34;Perwakilan BPKP;Prov. Kalimantan Utara;password;
36;Prov. Aceh;Prov_Aceh;Prov_Aceh@mail.com;PW01;Pemerintah Daerah;Prov. Aceh;password;
37;Kab. Aceh Barat Daya;Kab_Abdya;Kab_Abdya@mail.com;PW01;Pemerintah Daerah;Kab. Aceh Barat Daya;password;
38;Kab. Aceh Barat;Kab_Abar;Kab_Abar@mail.com;PW01;Pemerintah Daerah;Kab. Aceh Barat;password;
39;Kab. Aceh Besar;Kab_Abes;Kab_Abes@mail.com;PW01;Pemerintah Daerah;Kab. Aceh Besar;password;
40;Kab. Aceh Jaya;Kab_Ajay;Kab_Ajay@mail.com;PW01;Pemerintah Daerah;Kab. Aceh Jaya;password;
41;Kab. Aceh Selatan;Kab_Asel;Kab_Asel@mail.com;PW01;Pemerintah Daerah;Kab. Aceh Selatan;password;
42;Kab. Aceh Singkil;Kab_Asing;Kab_Asing@mail.com;PW01;Pemerintah Daerah;Kab. Aceh Singkil;password;
43;Kab. Aceh Tamiang;Kab_Atam;Kab_Atam@mail.com;PW01;Pemerintah Daerah;Kab. Aceh Tamiang;password;
44;Kab. Aceh Tengah;Kab_Ateng;Kab_Ateng@mail.com;PW01;Pemerintah Daerah;Kab. Aceh Tengah;password;
45;Kab. Aceh Tenggara;Kab_Atera;Kab_Atera@mail.com;PW01;Pemerintah Daerah;Kab. Aceh Tenggara;password;
46;Kab. Aceh Timur;Kab_Atim;Kab_Atim@mail.com;PW01;Pemerintah Daerah;Kab. Aceh Timur;password;
47;Kab. Aceh Utara;Kab_Acut;Kab_Acut@mail.com;PW01;Pemerintah Daerah;Kab. Aceh Utara;password;
48;Kab. Bener Meriah;Kab_Benmeriah;Kab_Benmeriah@mail.com;PW01;Pemerintah Daerah;Kab. Bener Meriah;password;
49;Kab. Bireun;Kab_Bireun;Kab_Bireun@mail.com;PW01;Pemerintah Daerah;Kab. Bireun;password;
50;Kab. Gayo Lues;Kab_Gayo;Kab_Gayo@mail.com;PW01;Pemerintah Daerah;Kab. Gayo Lues;password;
51;Kab. Nagan Raya;Kab_Nagan;Kab_Nagan@mail.com;PW01;Pemerintah Daerah;Kab. Nagan Raya;password;
52;Kab. Pidie Jaya;Kab_Pijay;Kab_Pijay@mail.com;PW01;Pemerintah Daerah;Kab. Pidie Jaya;password;
53;Kab. Pidie;Kab_Pidie;Kab_Pidie@mail.com;PW01;Pemerintah Daerah;Kab. Pidie;password;
54;Kab. Simeulue;Kab_Simeulue;Kab_Simeulue@mail.com;PW01;Pemerintah Daerah;Kab. Simeulue;password;
55;Kota Langsa;Kota_Langsa;Kota_Langsa@mail.com;PW01;Pemerintah Daerah;Kota Langsa;password;
56;Kota Banda Aceh;Kota_Banda;Kota_Banda@mail.com;PW01;Pemerintah Daerah;Kota Banda Aceh;password;
57;Kota Lhokseumawe;Kota_Lhokseumawe;Kota_Lhokseumawe@mail.com;PW01;Pemerintah Daerah;Kota Lhokseumawe;password;
58;Kota Sabang;Kota_Sabang;Kota_Sabang@mail.com;PW01;Pemerintah Daerah;Kota Sabang;password;
59;Kota Subulussalam;Kota_Subulussalam;Kota_Subulussalam@mail.com;PW01;Pemerintah Daerah;Kota Subulussalam;password;
60;Prov. Sumatera Utara;Prov_Sumatera_Utara;Prov_Sumatera_Utara@mail.com;PW02;Pemerintah Daerah;Prov. Sumatera Utara;password;
61;Kab. Asahan;Kab_Asahan;Kab_Asahan@mail.com;PW02;Pemerintah Daerah;Kab. Asahan;password;
62;Kab. Batubara;Kab_Batubara;Kab_Batubara@mail.com;PW02;Pemerintah Daerah;Kab. Batubara;password;
63;Kab. Dairi;Kab_Dairi;Kab_Dairi@mail.com;PW02;Pemerintah Daerah;Kab. Dairi;password;
64;Kab. Deli Serdang;Kab_Deli;Kab_Deli@mail.com;PW02;Pemerintah Daerah;Kab. Deli Serdang;password;
65;Kab. Humbang Hasundutan;Kab_Humbang;Kab_Humbang@mail.com;PW02;Pemerintah Daerah;Kab. Humbang Hasundutan;password;
66;Kab. Karo;Kab_Karo;Kab_Karo@mail.com;PW02;Pemerintah Daerah;Kab. Karo;password;
67;Kab. Labuhanbatu;Kab_Labuhanbatu;Kab_Labuhanbatu@mail.com;PW02;Pemerintah Daerah;Kab. Labuhanbatu;password;
68;Kab. Labuhanbatu Selatan;Kab_Labuhansel;Kab_Labuhansel@mail.com;PW02;Pemerintah Daerah;Kab. Labuhanbatu Selatan;password;
69;Kab. Labuhanbatu Utara;Kab_Labuhanut;Kab_Labuhanut@mail.com;PW02;Pemerintah Daerah;Kab. Labuhanbatu Utara;password;
70;Kab. Langkat;Kab_Langkat;Kab_Langkat@mail.com;PW02;Pemerintah Daerah;Kab. Langkat;password;
71;Kab. Mandailing Natal;Kab_Mantal;Kab_Mantal@mail.com;PW02;Pemerintah Daerah;Kab. Mandailing Natal;password;
72;Kab. Nias;Kab_Nias;Kab_Nias@mail.com;PW02;Pemerintah Daerah;Kab. Nias;password;
73;Kab. Nias Barat;Kab_Niabar;Kab_Niabar@mail.com;PW02;Pemerintah Daerah;Kab. Nias Barat;password;
74;Kab. Nias Selatan;Kab_Niasel;Kab_Niasel@mail.com;PW02;Pemerintah Daerah;Kab. Nias Selatan;password;
75;Kab. Nias Utara;Kab_Niasut;Kab_Niasut@mail.com;PW02;Pemerintah Daerah;Kab. Nias Utara;password;
76;Kab. Padang Lawas;Kab_Palas;Kab_Palas@mail.com;PW02;Pemerintah Daerah;Kab. Padang Lawas;password;
77;Kab. Padang Lawas Utara;Kab_Palasut;Kab_Palasut@mail.com;PW02;Pemerintah Daerah;Kab. Padang Lawas Utara;password;
78;Kab. Pakpak Bharat;Kab_Pakbhr;Kab_Pakbhr@mail.com;PW02;Pemerintah Daerah;Kab. Pakpak Bharat;password;
79;Kab. Samosir;Kab_Samosir;Kab_Samosir@mail.com;PW02;Pemerintah Daerah;Kab. Samosir;password;
80;Kab. Simalungun;Kab_Simalungun;Kab_Simalungun@mail.com;PW02;Pemerintah Daerah;Kab. Simalungun;password;
81;Kab. Tapanuli Selatan;Kab_Tapsel;Kab_Tapsel@mail.com;PW02;Pemerintah Daerah;Kab. Tapanuli Selatan;password;
82;Kab. Tapanuli Tengah;Kab_Tapteng;Kab_Tapteng@mail.com;PW02;Pemerintah Daerah;Kab. Tapanuli Tengah;password;
83;Kab. Tapanuli Utara;Kab_Taput;Kab_Taput@mail.com;PW02;Pemerintah Daerah;Kab. Tapanuli Utara;password;
84;Kab. Toba Samosir;Kab_Tosa;Kab_Tosa@mail.com;PW02;Pemerintah Daerah;Kab. Toba Samosir;password;
85;Kab. Serdang Bedagai;Kab_Serdangbeg;Kab_Serdangbeg@mail.com;PW02;Pemerintah Daerah;Kab. Serdang Bedagai;password;
86;Kota Binjai;Kota_Binjai;Kota_Binjai@mail.com;PW02;Pemerintah Daerah;Kota Binjai;password;
87;Kota Gunung Sitoli;Kota_Gunsit;Kota_Gunsit@mail.com;PW02;Pemerintah Daerah;Kota Gunung Sitoli;password;
88;Kota Medan;Kota_Medan;Kota_Medan@mail.com;PW02;Pemerintah Daerah;Kota Medan;password;
89;Kota Padang Sidempuan;Kota_Pauan;Kota_Pauan@mail.com;PW02;Pemerintah Daerah;Kota Padang Sidempuan;password;
90;Kota Pematang Siantar;Kota_Siantar;Kota_Siantar@mail.com;PW02;Pemerintah Daerah;Kota Pematang Siantar;password;
91;Kota Sibolga;Kota_Sibolga;Kota_Sibolga@mail.com;PW02;Pemerintah Daerah;Kota Sibolga;password;
92;Kota Tanjung Balai;Kota_Talai;Kota_Talai@mail.com;PW02;Pemerintah Daerah;Kota Tanjung Balai;password;
93;Kota Tebing Tinggi;Kota_Tebinggi;Kota_Tebinggi@mail.com;PW02;Pemerintah Daerah;Kota Tebing Tinggi;password;
94;Prov. Sumatera Barat;Prov_Sumatera_Barat;Prov_Sumatera_Barat@mail.com;PW03;Pemerintah Daerah;Prov. Sumatera Barat;password;
95;Kab. Agam;Kab_Agam;Kab_Agam@mail.com;PW03;Pemerintah Daerah;Kab. Agam;password;
96;Kab. Dharmasraya;Kab_Dharmasraya;Kab_Dharmasraya@mail.com;PW03;Pemerintah Daerah;Kab. Dharmasraya;password;
97;Kab. Kep. Mentawai;Kab_Mentawai;Kab_Mentawai@mail.com;PW03;Pemerintah Daerah;Kab. Kep. Mentawai;password;
98;Kab. Lima Puluh Kota;Kab_Limpulkot;Kab_Limpulkot@mail.com;PW03;Pemerintah Daerah;Kab. Lima Puluh Kota;password;
99;Kab. Padang Pariaman;Kab_Paman;Kab_Paman@mail.com;PW03;Pemerintah Daerah;Kab. Padang Pariaman;password;
100;Kab. Pasaman;Kab_Pasaman;Kab_Pasaman@mail.com;PW03;Pemerintah Daerah;Kab. Pasaman;password;
101;Kab. Pasaman Barat;Kab_Pasbar;Kab_Pasbar@mail.com;PW03;Pemerintah Daerah;Kab. Pasaman Barat;password;
102;Kab. Pesisir Selatan;Kab_Pesisel;Kab_Pesisel@mail.com;PW03;Pemerintah Daerah;Kab. Pesisir Selatan;password;
103;Kab. Sijunjung;Kab_Sijunjung;Kab_Sijunjung@mail.com;PW03;Pemerintah Daerah;Kab. Sijunjung;password;
104;Kab. Solok;Kab_Solok;Kab_Solok@mail.com;PW03;Pemerintah Daerah;Kab. Solok;password;
105;Kab. Solok Selatan;Kab_Loktan;Kab_Loktan@mail.com;PW03;Pemerintah Daerah;Kab. Solok Selatan;password;
106;Kab. Tanah Datar;Kab_Tadar;Kab_Tadar@mail.com;PW03;Pemerintah Daerah;Kab. Tanah Datar;password;
107;Kota Bukit Tinggi;Kota_Bunggi;Kota_Bunggi@mail.com;PW03;Pemerintah Daerah;Kota Bukit Tinggi;password;
108;Kota Padang;Kota_Padang;Kota_Padang@mail.com;PW03;Pemerintah Daerah;Kota Padang;password;
109;Kota Padang Panjang;Kota_Pajang;Kota_Pajang@mail.com;PW03;Pemerintah Daerah;Kota Padang Panjang;password;
110;Kota Pariaman;Kota_Pariaman;Kota_Pariaman@mail.com;PW03;Pemerintah Daerah;Kota Pariaman;password;
111;Kota Payakumbuh;Kota_Payakumbuh;Kota_Payakumbuh@mail.com;PW03;Pemerintah Daerah;Kota Payakumbuh;password;
112;Kota Sawahlunto;Kota_Sawahlunto;Kota_Sawahlunto@mail.com;PW03;Pemerintah Daerah;Kota Sawahlunto;password;
113;Kota Solok;Kota_Solok;Kota_Solok@mail.com;PW03;Pemerintah Daerah;Kota Solok;password;
114;Prov. Riau;Prov_Riau;Prov_Riau@mail.com;PW04;Pemerintah Daerah;Prov. Riau;password;
115;Kab. Bengkalis;Kab_Bengkalis;Kab_Bengkalis@mail.com;PW04;Pemerintah Daerah;Kab. Bengkalis;password;
116;Kab. Indragiri Hilir;Kab_Indrahilir;Kab_Indrahilir@mail.com;PW04;Pemerintah Daerah;Kab. Indragiri Hilir;password;
117;Kab. Indragiri Hulu;Kab_Indrahulu;Kab_Indrahulu@mail.com;PW04;Pemerintah Daerah;Kab. Indragiri Hulu;password;
118;Kab. Kampar;Kab_Kampar;Kab_Kampar@mail.com;PW04;Pemerintah Daerah;Kab. Kampar;password;
119;Kab. Kep. Meranti;Kab_Meranti;Kab_Meranti@mail.com;PW04;Pemerintah Daerah;Kab. Kep. Meranti;password;
120;Kab. Kuantan Singingi;Kab_Kuansing;Kab_Kuansing@mail.com;PW04;Pemerintah Daerah;Kab. Kuantan Singingi;password;
121;Kab. Pelalawan;Kab_Pelalawan;Kab_Pelalawan@mail.com;PW04;Pemerintah Daerah;Kab. Pelalawan;password;
122;Kab. Rokan Hilir;Kab_Rohil;Kab_Rohil@mail.com;PW04;Pemerintah Daerah;Kab. Rokan Hilir;password;
123;Kab. Rokan Hulu;Kab_Rohul;Kab_Rohul@mail.com;PW04;Pemerintah Daerah;Kab. Rokan Hulu;password;
124;Kab. Siak;Kab_Siak;Kab_Siak@mail.com;PW04;Pemerintah Daerah;Kab. Siak;password;
125;Kota Dumai;Kota_Dumai;Kota_Dumai@mail.com;PW04;Pemerintah Daerah;Kota Dumai;password;
126;Kota Pekanbaru;Kota_Pekanbaru;Kota_Pekanbaru@mail.com;PW04;Pemerintah Daerah;Kota Pekanbaru;password;
127;Prov. Kepulauan Riau;Prov_Kepulauan_Riau;Prov_Kepulauan_Riau@mail.com;PW28;Pemerintah Daerah;Prov. Kepulauan Riau;password;
128;Kab. Bintan;Kab_Bintan;Kab_Bintan@mail.com;PW28;Pemerintah Daerah;Kab. Bintan;password;
129;Kab. Karimun;Kab_Karimun;Kab_Karimun@mail.com;PW28;Pemerintah Daerah;Kab. Karimun;password;
130;Kab. Kep. Anambas;Kab_Anambas;Kab_Anambas@mail.com;PW28;Pemerintah Daerah;Kab. Kep. Anambas;password;
131;Kab. Lingga;Kab_Lingga;Kab_Lingga@mail.com;PW28;Pemerintah Daerah;Kab. Lingga;password;
132;Kab. Natuna;Kab_Natuna;Kab_Natuna@mail.com;PW28;Pemerintah Daerah;Kab. Natuna;password;
133;Kota Batam;Kota_Batam;Kota_Batam@mail.com;PW28;Pemerintah Daerah;Kota Batam;password;
134;Kota Tanjung Pinang;Kota_Tanang;Kota_Tanang@mail.com;PW28;Pemerintah Daerah;Kota Tanjung Pinang;password;
135;Prov. Jambi;Prov_Jambi;Prov_Jambi@mail.com;PW05;Pemerintah Daerah;Prov. Jambi;password;
136;Kab. Batanghari;Kab_Batanghari;Kab_Batanghari@mail.com;PW05;Pemerintah Daerah;Kab. Batanghari;password;
137;Kab. Bungo;Kab_Bungo;Kab_Bungo@mail.com;PW05;Pemerintah Daerah;Kab. Bungo;password;
138;Kab. Kerinci;Kab_Kerinci;Kab_Kerinci@mail.com;PW05;Pemerintah Daerah;Kab. Kerinci;password;
139;Kab. Merangin;Kab_Merangin;Kab_Merangin@mail.com;PW05;Pemerintah Daerah;Kab. Merangin;password;
140;Kab. Muaro Jambi;Kab_Mumbi;Kab_Mumbi@mail.com;PW05;Pemerintah Daerah;Kab. Muaro Jambi;password;
141;Kab. Sarolangun;Kab_Sarolangun;Kab_Sarolangun@mail.com;PW05;Pemerintah Daerah;Kab. Sarolangun;password;
142;Kab. Tanjung Jabung Barat;Kab_Tabungbar;Kab_Tabungbar@mail.com;PW05;Pemerintah Daerah;Kab. Tanjung Jabung Barat;password;
143;Kab. Tanjung Jabung Timur;Kab_Tabungtim;Kab_Tabungtim@mail.com;PW05;Pemerintah Daerah;Kab. Tanjung Jabung Timur;password;
144;Kab. Tebo;Kab_Tebo;Kab_Tebo@mail.com;PW05;Pemerintah Daerah;Kab. Tebo;password;
145;Kota Jambi;Kota_Jambi;Kota_Jambi@mail.com;PW05;Pemerintah Daerah;Kota Jambi;password;
146;Kota Sungai Penuh;Kota_Sunuh;Kota_Sunuh@mail.com;PW05;Pemerintah Daerah;Kota Sungai Penuh;password;
147;Prov. Bengkulu;Prov_Bengkulu;Prov_Bengkulu@mail.com;PW06;Pemerintah Daerah;Prov. Bengkulu;password;
148;Kab. Bengkulu Selatan;Kab_Bengsel;Kab_Bengsel@mail.com;PW06;Pemerintah Daerah;Kab. Bengkulu Selatan;password;
149;Kab. Bengkulu Tengah;Kab_Bengngah;Kab_Bengngah@mail.com;PW06;Pemerintah Daerah;Kab. Bengkulu Tengah;password;
150;Kab. Bengkulu Utara;Kab_Bengkut;Kab_Bengkut@mail.com;PW06;Pemerintah Daerah;Kab. Bengkulu Utara;password;
151;Kab. Kaur;Kab_Kaur;Kab_Kaur@mail.com;PW06;Pemerintah Daerah;Kab. Kaur;password;
152;Kab. Kepahiang;Kab_Kepahiang;Kab_Kepahiang@mail.com;PW06;Pemerintah Daerah;Kab. Kepahiang;password;
153;Kab. Lebong;Kab_Lebong;Kab_Lebong@mail.com;PW06;Pemerintah Daerah;Kab. Lebong;password;
154;Kab. Muko-Muko;Kab_Muko;Kab_Muko@mail.com;PW06;Pemerintah Daerah;Kab. Muko-Muko;password;
155;Kab. Rejang Lebong;Kab_Rebong;Kab_Rebong@mail.com;PW06;Pemerintah Daerah;Kab. Rejang Lebong;password;
156;Kab. Seluma;Kab_Seluma;Kab_Seluma@mail.com;PW06;Pemerintah Daerah;Kab. Seluma;password;
157;Kota Bengkulu;Kota_Bengkulu;Kota_Bengkulu@mail.com;PW06;Pemerintah Daerah;Kota Bengkulu;password;
158;Prov. Sumatera Selatan;Prov_Sumatera_Selatan;Prov_Sumatera_Selatan@mail.com;PW07;Pemerintah Daerah;Prov. Sumatera Selatan;password;
159;Kab. Banyuasin;Kab_Banyuasin;Kab_Banyuasin@mail.com;PW07;Pemerintah Daerah;Kab. Banyuasin;password;
160;Kab. Empat Lawang;Kab_Lawang;Kab_Lawang@mail.com;PW07;Pemerintah Daerah;Kab. Empat Lawang;password;
161;Kab. Lahat;Kab_Lahat;Kab_Lahat@mail.com;PW07;Pemerintah Daerah;Kab. Lahat;password;
162;Kab. Muara Enim;Kab_Enim;Kab_Enim@mail.com;PW07;Pemerintah Daerah;Kab. Muara Enim;password;
163;Kab. Musi Banyu Asin;Kab_Musin;Kab_Musin@mail.com;PW07;Pemerintah Daerah;Kab. Musi Banyu Asin;password;
164;Kab. Musi Rawas;Kab_Muwas;Kab_Muwas@mail.com;PW07;Pemerintah Daerah;Kab. Musi Rawas;password;
165;Kab. Musi Rawas Utara;Kab_Muwasu;Kab_Muwasu@mail.com;PW07;Pemerintah Daerah;Kab. Musi Rawas Utara;password;
166;Kab. Ogan Ilir;Kab_Olir;Kab_Olir@mail.com;PW07;Pemerintah Daerah;Kab. Ogan Ilir;password;
167;Kab. OKI;Kab_OKI;Kab_OKI@mail.com;PW07;Pemerintah Daerah;Kab. OKI;password;
168;Kab. OKU;Kab_OKU;Kab_OKU@mail.com;PW07;Pemerintah Daerah;Kab. OKU;password;
169;Kab. OKU Selatan;Kab_OKUS;Kab_OKUS@mail.com;PW07;Pemerintah Daerah;Kab. OKU Selatan;password;
170;Kab. OKU Timur;Kab_OKUT;Kab_OKUT@mail.com;PW07;Pemerintah Daerah;Kab. OKU Timur;password;
171;Kab. Penukal Abab Lematang Ilir;Kab_PALI;Kab_PALI@mail.com;PW07;Pemerintah Daerah;Kab. Penukal Abab Lematang Ilir;password;
172;Kota Lubuk Linggau;Kota_Linggau;Kota_Linggau@mail.com;PW07;Pemerintah Daerah;Kota Lubuk Linggau;password;
173;Kota Pagar Alam;Kota_Palam;Kota_Palam@mail.com;PW07;Pemerintah Daerah;Kota Pagar Alam;password;
174;Kota Palembang;Kota_Palembang;Kota_Palembang@mail.com;PW07;Pemerintah Daerah;Kota Palembang;password;
175;Kota Prabumulih;Kota_Prabumulih;Kota_Prabumulih@mail.com;PW07;Pemerintah Daerah;Kota Prabumulih;password;
176;Prov. Bangka Belitung;Prov_Bangka_Belitung;Prov_Bangka_Belitung@mail.com;PW29;Pemerintah Daerah;Prov. Bangka Belitung;password;
177;Kab. Bangka;Kab_Bangka;Kab_Bangka@mail.com;PW29;Pemerintah Daerah;Kab. Bangka;password;
178;Kab. Bangka Barat;Kab_Bangbar;Kab_Bangbar@mail.com;PW29;Pemerintah Daerah;Kab. Bangka Barat;password;
179;Kab. Bangka Selatan;Kab_Bangsel;Kab_Bangsel@mail.com;PW29;Pemerintah Daerah;Kab. Bangka Selatan;password;
180;Kab. Bangka Tengah;Kab_Banteng;Kab_Banteng@mail.com;PW29;Pemerintah Daerah;Kab. Bangka Tengah;password;
181;Kab. Belitung;Kab_Belitung;Kab_Belitung@mail.com;PW29;Pemerintah Daerah;Kab. Belitung;password;
182;Kab. Belitung Timur;Kab_Belimur;Kab_Belimur@mail.com;PW29;Pemerintah Daerah;Kab. Belitung Timur;password;
183;Kota Pangkalpinang;Kota_Pangkalpinang;Kota_Pangkalpinang@mail.com;PW29;Pemerintah Daerah;Kota Pangkalpinang;password;
184;Prov. Lampung;Prov_Lampung;Prov_Lampung@mail.com;PW08;Pemerintah Daerah;Prov. Lampung;password;
185;Kab. Lampung Barat;Kab_Lambar;Kab_Lambar@mail.com;PW08;Pemerintah Daerah;Kab. Lampung Barat;password;
186;Kab. Lampung Selatan;Kab_Lamsel;Kab_Lamsel@mail.com;PW08;Pemerintah Daerah;Kab. Lampung Selatan;password;
187;Kab. Lampung Tengah;Kab_Lamteng;Kab_Lamteng@mail.com;PW08;Pemerintah Daerah;Kab. Lampung Tengah;password;
188;Kab. Lampung Timur;Kab_Lamtim;Kab_Lamtim@mail.com;PW08;Pemerintah Daerah;Kab. Lampung Timur;password;
189;Kab. Lampung Utara;Kab_Lamput;Kab_Lamput@mail.com;PW08;Pemerintah Daerah;Kab. Lampung Utara;password;
190;Kab. Mesuji;Kab_Mesuji;Kab_Mesuji@mail.com;PW08;Pemerintah Daerah;Kab. Mesuji;password;
191;Kab. Pesawaran;Kab_Pesawaran;Kab_Pesawaran@mail.com;PW08;Pemerintah Daerah;Kab. Pesawaran;password;
192;Kab. Pesisir Barat;Kab_Pesibar;Kab_Pesibar@mail.com;PW08;Pemerintah Daerah;Kab. Pesisir Barat;password;
193;Kab. Pringsewu;Kab_Pringsewu;Kab_Pringsewu@mail.com;PW08;Pemerintah Daerah;Kab. Pringsewu;password;
194;Kab. Tanggamus;Kab_Tanggamus;Kab_Tanggamus@mail.com;PW08;Pemerintah Daerah;Kab. Tanggamus;password;
195;Kab. Tulang Bawang;Kab_Tuwang;Kab_Tuwang@mail.com;PW08;Pemerintah Daerah;Kab. Tulang Bawang;password;
196;Kab. Tulang Bawang Barat;Kab_Tuwangbar;Kab_Tuwangbar@mail.com;PW08;Pemerintah Daerah;Kab. Tulang Bawang Barat;password;
197;Kab. Way Kanan;Kab_Waykanan;Kab_Waykanan@mail.com;PW08;Pemerintah Daerah;Kab. Way Kanan;password;
198;Kota Bandar Lampung;Kota_Lampung;Kota_Lampung@mail.com;PW08;Pemerintah Daerah;Kota Bandar Lampung;password;
199;Kota Metro;Kota_Metro;Kota_Metro@mail.com;PW08;Pemerintah Daerah;Kota Metro;password;
200;Prov. DKI Jakarta;Prov_DKI_Jakarta;Prov_DKI_Jakarta@mail.com;PW09;Pemerintah Daerah;Prov. DKI Jakarta;password;
201;Prov. Jawa Barat;Prov_Jawa_Barat;Prov_Jawa_Barat@mail.com;PW10;Pemerintah Daerah;Prov. Jawa Barat;password;
202;Kab. Bandung;Kab_Bandung;Kab_Bandung@mail.com;PW10;Pemerintah Daerah;Kab. Bandung;password;
203;Kab. Bandung Barat;Kab_Barat;Kab_Barat@mail.com;PW10;Pemerintah Daerah;Kab. Bandung Barat;password;
204;Kab. Bekasi;Kab_Bekasi;Kab_Bekasi@mail.com;PW10;Pemerintah Daerah;Kab. Bekasi;password;
205;Kab. Bogor;Kab_Bogor;Kab_Bogor@mail.com;PW10;Pemerintah Daerah;Kab. Bogor;password;
206;Kab. Ciamis;Kab_Ciamis;Kab_Ciamis@mail.com;PW10;Pemerintah Daerah;Kab. Ciamis;password;
207;Kab. Cianjur;Kab_Cianjur;Kab_Cianjur@mail.com;PW10;Pemerintah Daerah;Kab. Cianjur;password;
208;Kab. Cirebon;Kab_Cirebon;Kab_Cirebon@mail.com;PW10;Pemerintah Daerah;Kab. Cirebon;password;
209;Kab. Garut;Kab_Garut;Kab_Garut@mail.com;PW10;Pemerintah Daerah;Kab. Garut;password;
210;Kab. Indramayu;Kab_Indramayu;Kab_Indramayu@mail.com;PW10;Pemerintah Daerah;Kab. Indramayu;password;
211;Kab. Karawang;Kab_Karawang;Kab_Karawang@mail.com;PW10;Pemerintah Daerah;Kab. Karawang;password;
212;Kab. Kuningan;Kab_Kuningan;Kab_Kuningan@mail.com;PW10;Pemerintah Daerah;Kab. Kuningan;password;
213;Kab. Majalengka;Kab_Majalengka;Kab_Majalengka@mail.com;PW10;Pemerintah Daerah;Kab. Majalengka;password;
214;Kab. Pangandaran;Kab_Pangandaran;Kab_Pangandaran@mail.com;PW10;Pemerintah Daerah;Kab. Pangandaran;password;
215;Kab. Purwakarta;Kab_Purwakarta;Kab_Purwakarta@mail.com;PW10;Pemerintah Daerah;Kab. Purwakarta;password;
216;Kab. Subang;Kab_Subang;Kab_Subang@mail.com;PW10;Pemerintah Daerah;Kab. Subang;password;
217;Kab. Sukabumi;Kab_Sukabumi;Kab_Sukabumi@mail.com;PW10;Pemerintah Daerah;Kab. Sukabumi;password;
218;Kab. Sumedang;Kab_Sumedang;Kab_Sumedang@mail.com;PW10;Pemerintah Daerah;Kab. Sumedang;password;
219;Kab. Tasikmalaya;Kab_Tasikmalaya;Kab_Tasikmalaya@mail.com;PW10;Pemerintah Daerah;Kab. Tasikmalaya;password;
220;Kota Bandung;Kota_Bandung;Kota_Bandung@mail.com;PW10;Pemerintah Daerah;Kota Bandung;password;
221;Kota Banjar;Kota_Banjar;Kota_Banjar@mail.com;PW10;Pemerintah Daerah;Kota Banjar;password;
222;Kota Bekasi;Kota_Bekasi;Kota_Bekasi@mail.com;PW10;Pemerintah Daerah;Kota Bekasi;password;
223;Kota Bogor;Kota_Bogor;Kota_Bogor@mail.com;PW10;Pemerintah Daerah;Kota Bogor;password;
224;Kota Cimahi;Kota_Cimahi;Kota_Cimahi@mail.com;PW10;Pemerintah Daerah;Kota Cimahi;password;
225;Kota Cirebon;Kota_Cirebon;Kota_Cirebon@mail.com;PW10;Pemerintah Daerah;Kota Cirebon;password;
226;Kota Depok;Kota_Depok;Kota_Depok@mail.com;PW10;Pemerintah Daerah;Kota Depok;password;
227;Kota Sukabumi;Kota_Sukabumi;Kota_Sukabumi@mail.com;PW10;Pemerintah Daerah;Kota Sukabumi;password;
228;Kota Tasikmalaya;Kota_Tasikmalaya;Kota_Tasikmalaya@mail.com;PW10;Pemerintah Daerah;Kota Tasikmalaya;password;
229;Prov. Banten;Prov_Banten;Prov_Banten@mail.com;PW30;Pemerintah Daerah;Prov. Banten;password;
230;Kab. Lebak;Kab_Lebak;Kab_Lebak@mail.com;PW30;Pemerintah Daerah;Kab. Lebak;password;
231;Kab. Pandeglang;Kab_Pandeglang;Kab_Pandeglang@mail.com;PW30;Pemerintah Daerah;Kab. Pandeglang;password;
232;Kab. Serang;Kab_Serang;Kab_Serang@mail.com;PW30;Pemerintah Daerah;Kab. Serang;password;
233;Kab. Tangerang;Kab_Tangerang;Kab_Tangerang@mail.com;PW30;Pemerintah Daerah;Kab. Tangerang;password;
234;Kota Cilegon;Kota_Cilegon;Kota_Cilegon@mail.com;PW30;Pemerintah Daerah;Kota Cilegon;password;
235;Kota Serang;Kota_Serang;Kota_Serang@mail.com;PW30;Pemerintah Daerah;Kota Serang;password;
236;Kota Tangerang;Kota_Tangerang;Kota_Tangerang@mail.com;PW30;Pemerintah Daerah;Kota Tangerang;password;
237;Kota Tangerang Selatan;Kota_Tangsel;Kota_Tangsel@mail.com;PW30;Pemerintah Daerah;Kota Tangerang Selatan;password;
238;Prov. Jawa Tengah;Prov_Jawa_Tengah;Prov_Jawa_Tengah@mail.com;PW11;Pemerintah Daerah;Prov. Jawa Tengah;password;
239;Kab. Banjarnegara;Kab_Banjarnegara;Kab_Banjarnegara@mail.com;PW11;Pemerintah Daerah;Kab. Banjarnegara;password;
240;Kab. Banyumas;Kab_Banyumas;Kab_Banyumas@mail.com;PW11;Pemerintah Daerah;Kab. Banyumas;password;
241;Kab. Batang;Kab_Batang;Kab_Batang@mail.com;PW11;Pemerintah Daerah;Kab. Batang;password;
242;Kab. Blora;Kab_Blora;Kab_Blora@mail.com;PW11;Pemerintah Daerah;Kab. Blora;password;
243;Kab. Boyolali;Kab_Boyolali;Kab_Boyolali@mail.com;PW11;Pemerintah Daerah;Kab. Boyolali;password;
244;Kab. Brebes;Kab_Brebes;Kab_Brebes@mail.com;PW11;Pemerintah Daerah;Kab. Brebes;password;
245;Kab. Cilacap;Kab_Cilacap;Kab_Cilacap@mail.com;PW12;Pemerintah Daerah;Kab. Cilacap;password;
246;Kab. Demak;Kab_Demak;Kab_Demak@mail.com;PW11;Pemerintah Daerah;Kab. Demak;password;
247;Kab. Grobogan;Kab_Grobogan;Kab_Grobogan@mail.com;PW11;Pemerintah Daerah;Kab. Grobogan;password;
248;Kab. Jepara;Kab_Jepara;Kab_Jepara@mail.com;PW11;Pemerintah Daerah;Kab. Jepara;password;
249;Kab. Karanganyar;Kab_Karanganyar;Kab_Karanganyar@mail.com;PW11;Pemerintah Daerah;Kab. Karanganyar;password;
250;Kab. Kebumen;Kab_Kebumen;Kab_Kebumen@mail.com;PW12;Pemerintah Daerah;Kab. Kebumen;password;
251;Kab. Kendal;Kab_Kendal;Kab_Kendal@mail.com;PW11;Pemerintah Daerah;Kab. Kendal;password;
252;Kab. Klaten;Kab_Klaten;Kab_Klaten@mail.com;PW12;Pemerintah Daerah;Kab. Klaten;password;
253;Kab. Kudus;Kab_Kudus;Kab_Kudus@mail.com;PW11;Pemerintah Daerah;Kab. Kudus;password;
254;Kab. Magelang;Kab_Magelang;Kab_Magelang@mail.com;PW12;Pemerintah Daerah;Kab. Magelang;password;
255;Kab. Pati;Kab_Pati;Kab_Pati@mail.com;PW11;Pemerintah Daerah;Kab. Pati;password;
256;Kab. Pekalongan;Kab_Pekalongan;Kab_Pekalongan@mail.com;PW11;Pemerintah Daerah;Kab. Pekalongan;password;
257;Kab. Pemalang;Kab_Pemalang;Kab_Pemalang@mail.com;PW11;Pemerintah Daerah;Kab. Pemalang;password;
258;Kab. Purbalingga;Kab_Purbalingga;Kab_Purbalingga@mail.com;PW11;Pemerintah Daerah;Kab. Purbalingga;password;
259;Kab. Purworejo;Kab_Purworejo;Kab_Purworejo@mail.com;PW12;Pemerintah Daerah;Kab. Purworejo;password;
260;Kab. Rembang;Kab_Rembang;Kab_Rembang@mail.com;PW11;Pemerintah Daerah;Kab. Rembang;password;
261;Kab. Semarang;Kab_Semarang;Kab_Semarang@mail.com;PW11;Pemerintah Daerah;Kab. Semarang;password;
262;Kab. Sragen;Kab_Sragen;Kab_Sragen@mail.com;PW11;Pemerintah Daerah;Kab. Sragen;password;
263;Kab. Sukoharjo;Kab_Sukoharjo;Kab_Sukoharjo@mail.com;PW11;Pemerintah Daerah;Kab. Sukoharjo;password;
264;Kab. Tegal;Kab_Tegal;Kab_Tegal@mail.com;PW11;Pemerintah Daerah;Kab. Tegal;password;
265;Kab. Temanggung;Kab_Temanggung;Kab_Temanggung@mail.com;PW11;Pemerintah Daerah;Kab. Temanggung;password;
266;Kab. Wonogiri;Kab_Wonogiri;Kab_Wonogiri@mail.com;PW11;Pemerintah Daerah;Kab. Wonogiri;password;
267;Kab. Wonosobo;Kab_Wonosobo;Kab_Wonosobo@mail.com;PW11;Pemerintah Daerah;Kab. Wonosobo;password;
268;Kota Magelang;Kota_Magelang;Kota_Magelang@mail.com;PW12;Pemerintah Daerah;Kota Magelang;password;
269;Kota Pekalongan;Kota_Pekalongan;Kota_Pekalongan@mail.com;PW11;Pemerintah Daerah;Kota Pekalongan;password;
270;Kota Salatiga;Kota_Salatiga;Kota_Salatiga@mail.com;PW11;Pemerintah Daerah;Kota Salatiga;password;
271;Kota Semarang;Kota_Semarang;Kota_Semarang@mail.com;PW11;Pemerintah Daerah;Kota Semarang;password;
272;Kota Surakarta;Kota_Surakarta;Kota_Surakarta@mail.com;PW11;Pemerintah Daerah;Kota Surakarta;password;
273;Kota Tegal;Kota_Tegal;Kota_Tegal@mail.com;PW11;Pemerintah Daerah;Kota Tegal;password;
274;Prov. Daerah Istimewa Yogyakarta;Prov_Daerah_Istimewa_Yogyakarta;Prov_Daerah_Istimewa_Yogyakarta@mail.com;PW12;Pemerintah Daerah;Prov. Daerah Istimewa Yogyakarta;password;
275;Kab. Bantul;Kab_Bantul;Kab_Bantul@mail.com;PW12;Pemerintah Daerah;Kab. Bantul;password;
276;Kab. Gunung Kidul;Kab_Gundul;Kab_Gundul@mail.com;PW12;Pemerintah Daerah;Kab. Gunung Kidul;password;
277;Kab. Kulon Progo;Kab_Kulonprogo;Kab_Kulonprogo@mail.com;PW12;Pemerintah Daerah;Kab. Kulon Progo;password;
278;Kab. Sleman;Kab_Sleman;Kab_Sleman@mail.com;PW12;Pemerintah Daerah;Kab. Sleman;password;
279;Kota Yogyakarta;Kota_Yogyakarta;Kota_Yogyakarta@mail.com;PW12;Pemerintah Daerah;Kota Yogyakarta;password;
280;Prov. Jawa Timur;Prov_Jawa_Timur;Prov_Jawa_Timur@mail.com;PW13;Pemerintah Daerah;Prov. Jawa Timur;password;
281;Kab. Bangkalan;Kab_Bangkalan;Kab_Bangkalan@mail.com;PW13;Pemerintah Daerah;Kab. Bangkalan;password;
282;Kab. Banyuwangi;Kab_Banyuwangi;Kab_Banyuwangi@mail.com;PW13;Pemerintah Daerah;Kab. Banyuwangi;password;
283;Kab. Blitar;Kab_Blitar;Kab_Blitar@mail.com;PW13;Pemerintah Daerah;Kab. Blitar;password;
284;Kab. Bojonegoro;Kab_Bojonegoro;Kab_Bojonegoro@mail.com;PW13;Pemerintah Daerah;Kab. Bojonegoro;password;
285;Kab. Bondowoso;Kab_Bondowoso;Kab_Bondowoso@mail.com;PW13;Pemerintah Daerah;Kab. Bondowoso;password;
286;Kab. Gresik;Kab_Gresik;Kab_Gresik@mail.com;PW13;Pemerintah Daerah;Kab. Gresik;password;
287;Kab. Jember;Kab_Jember;Kab_Jember@mail.com;PW13;Pemerintah Daerah;Kab. Jember;password;
288;Kab. Jombang;Kab_Jombang;Kab_Jombang@mail.com;PW13;Pemerintah Daerah;Kab. Jombang;password;
289;Kab. Kediri;Kab_Kediri;Kab_Kediri@mail.com;PW13;Pemerintah Daerah;Kab. Kediri;password;
290;Kab. Lamongan;Kab_Lamongan;Kab_Lamongan@mail.com;PW13;Pemerintah Daerah;Kab. Lamongan;password;
291;Kab. Lumajang;Kab_Lumajang;Kab_Lumajang@mail.com;PW13;Pemerintah Daerah;Kab. Lumajang;password;
292;Kab. Madiun;Kab_Madiun;Kab_Madiun@mail.com;PW13;Pemerintah Daerah;Kab. Madiun;password;
293;Kab. Magetan;Kab_Magetan;Kab_Magetan@mail.com;PW13;Pemerintah Daerah;Kab. Magetan;password;
294;Kab. Malang;Kab_Malang;Kab_Malang@mail.com;PW13;Pemerintah Daerah;Kab. Malang;password;
295;Kab. Nganjuk;Kab_Nganjuk;Kab_Nganjuk@mail.com;PW13;Pemerintah Daerah;Kab. Nganjuk;password;
296;Kab. Ngawi;Kab_Ngawi;Kab_Ngawi@mail.com;PW13;Pemerintah Daerah;Kab. Ngawi;password;
297;Kab. Pacitan;Kab_Pacitan;Kab_Pacitan@mail.com;PW13;Pemerintah Daerah;Kab. Pacitan;password;
298;Kab. Pamekasan;Kab_Pamekasan;Kab_Pamekasan@mail.com;PW13;Pemerintah Daerah;Kab. Pamekasan;password;
299;Kab. Pasuruan;Kab_Pasuruan;Kab_Pasuruan@mail.com;PW13;Pemerintah Daerah;Kab. Pasuruan;password;
300;Kab. Ponorogo;Kab_Ponorogo;Kab_Ponorogo@mail.com;PW13;Pemerintah Daerah;Kab. Ponorogo;password;
301;Kab. Probolinggo;Kab_Probolinggo;Kab_Probolinggo@mail.com;PW13;Pemerintah Daerah;Kab. Probolinggo;password;
302;Kab. Sampang;Kab_Sampang;Kab_Sampang@mail.com;PW13;Pemerintah Daerah;Kab. Sampang;password;
303;Kab. Sidoarjo;Kab_Sidoarjo;Kab_Sidoarjo@mail.com;PW13;Pemerintah Daerah;Kab. Sidoarjo;password;
304;Kab. Situbondo;Kab_Situbondo;Kab_Situbondo@mail.com;PW13;Pemerintah Daerah;Kab. Situbondo;password;
305;Kab. Sumenep;Kab_Sumenep;Kab_Sumenep@mail.com;PW13;Pemerintah Daerah;Kab. Sumenep;password;
306;Kab. Trenggalek;Kab_Trenggalek;Kab_Trenggalek@mail.com;PW13;Pemerintah Daerah;Kab. Trenggalek;password;
307;Kab. Tuban;Kab_Tuban;Kab_Tuban@mail.com;PW13;Pemerintah Daerah;Kab. Tuban;password;
308;Kab. Tulungagung;Kab_Tulungagung;Kab_Tulungagung@mail.com;PW13;Pemerintah Daerah;Kab. Tulungagung;password;
309;Kab. Mojokerto;Kab_Mojokerto;Kab_Mojokerto@mail.com;PW13;Pemerintah Daerah;Kab. Mojokerto;password;
310;Kota Batu;Kota_Batu;Kota_Batu@mail.com;PW13;Pemerintah Daerah;Kota Batu;password;
311;Kota Blitar;Kota_Blitar;Kota_Blitar@mail.com;PW13;Pemerintah Daerah;Kota Blitar;password;
312;Kota Kediri;Kota_Kediri;Kota_Kediri@mail.com;PW13;Pemerintah Daerah;Kota Kediri;password;
313;Kota Madiun;Kota_Madiun;Kota_Madiun@mail.com;PW13;Pemerintah Daerah;Kota Madiun;password;
314;Kota Malang;Kota_Malang;Kota_Malang@mail.com;PW13;Pemerintah Daerah;Kota Malang;password;
315;Kota Mojokerto;Kota_Mojokerto;Kota_Mojokerto@mail.com;PW13;Pemerintah Daerah;Kota Mojokerto;password;
316;Kota Pasuruan;Kota_Pasuruan;Kota_Pasuruan@mail.com;PW13;Pemerintah Daerah;Kota Pasuruan;password;
317;Kota Probolinggo;Kota_Probolinggo;Kota_Probolinggo@mail.com;PW13;Pemerintah Daerah;Kota Probolinggo;password;
318;Kota Surabaya;Kota_Surabaya;Kota_Surabaya@mail.com;PW13;Pemerintah Daerah;Kota Surabaya;password;
319;Prov. Kalimantan Barat;Prov_Kalimantan_Barat;Prov_Kalimantan_Barat@mail.com;PW14;Pemerintah Daerah;Prov. Kalimantan Barat;password;
320;Kab. Bengkayang;Kab_Bengkayang;Kab_Bengkayang@mail.com;PW14;Pemerintah Daerah;Kab. Bengkayang;password;
321;Kab. Kapuas hulu;Kab_Puaslu;Kab_Puaslu@mail.com;PW14;Pemerintah Daerah;Kab. Kapuas hulu;password;
322;Kab. Kayong Utara;Kab_Yongra;Kab_Yongra@mail.com;PW14;Pemerintah Daerah;Kab. Kayong Utara;password;
323;Kab. Ketapang;Kab_Ketapang;Kab_Ketapang@mail.com;PW14;Pemerintah Daerah;Kab. Ketapang;password;
324;Kab. Kubu Raya;Kab_Kura;Kab_Kura@mail.com;PW14;Pemerintah Daerah;Kab. Kubu Raya;password;
325;Kab. Landak;Kab_Landak;Kab_Landak@mail.com;PW14;Pemerintah Daerah;Kab. Landak;password;
326;Kab. Melawi;Kab_Melawi;Kab_Melawi@mail.com;PW14;Pemerintah Daerah;Kab. Melawi;password;
327;Kab. Pontianak (Mempawah);Kab_Mempawah;Kab_Mempawah@mail.com;PW14;Pemerintah Daerah;Kab. Pontianak (Mempawah);password;
328;Kab. Sambas;Kab_Sambas;Kab_Sambas@mail.com;PW14;Pemerintah Daerah;Kab. Sambas;password;
329;Kab. Sanggau;Kab_Sanggau;Kab_Sanggau@mail.com;PW14;Pemerintah Daerah;Kab. Sanggau;password;
330;Kab. Sekadau;Kab_Sekadau;Kab_Sekadau@mail.com;PW14;Pemerintah Daerah;Kab. Sekadau;password;
331;Kab. Sintang;Kab_Sintang;Kab_Sintang@mail.com;PW14;Pemerintah Daerah;Kab. Sintang;password;
332;Kota Pontianak;Kota_Pontianak;Kota_Pontianak@mail.com;PW14;Pemerintah Daerah;Kota Pontianak;password;
333;Kota Singkawang;Kota_Singkawang;Kota_Singkawang@mail.com;PW14;Pemerintah Daerah;Kota Singkawang;password;
334;Prov. Kalimantan Tengah;Prov_Kalimantan_Tengah;Prov_Kalimantan_Tengah@mail.com;PW15;Pemerintah Daerah;Prov. Kalimantan Tengah;password;
335;Kab. Barito Selatan;Kab_Barsel;Kab_Barsel@mail.com;PW15;Pemerintah Daerah;Kab. Barito Selatan;password;
336;Kab. Barito Timur;Kab_Bartim;Kab_Bartim@mail.com;PW15;Pemerintah Daerah;Kab. Barito Timur;password;
337;Kab. Barito Utara;Kab_Barut;Kab_Barut@mail.com;PW15;Pemerintah Daerah;Kab. Barito Utara;password;
338;Kab. Gunung Mas;Kab_Gumas;Kab_Gumas@mail.com;PW15;Pemerintah Daerah;Kab. Gunung Mas;password;
339;Kab. Kapuas;Kab_Kapuas;Kab_Kapuas@mail.com;PW15;Pemerintah Daerah;Kab. Kapuas;password;
340;Kab. Katingan;Kab_Katingan;Kab_Katingan@mail.com;PW15;Pemerintah Daerah;Kab. Katingan;password;
341;Kab. Kotawaringin Barat;Kab_Kobar;Kab_Kobar@mail.com;PW15;Pemerintah Daerah;Kab. Kotawaringin Barat;password;
342;Kab. Kotawaringin Timur;Kab_Kotim;Kab_Kotim@mail.com;PW15;Pemerintah Daerah;Kab. Kotawaringin Timur;password;
343;Kab. Lamandau;Kab_Lamandau;Kab_Lamandau@mail.com;PW15;Pemerintah Daerah;Kab. Lamandau;password;
344;Kab. Murung Raya;Kab_Murra;Kab_Murra@mail.com;PW15;Pemerintah Daerah;Kab. Murung Raya;password;
345;Kab. Pulang Pisau;Kab_Pusau;Kab_Pusau@mail.com;PW15;Pemerintah Daerah;Kab. Pulang Pisau;password;
346;Kab. Seruyan;Kab_Seruyan;Kab_Seruyan@mail.com;PW15;Pemerintah Daerah;Kab. Seruyan;password;
347;Kab. Sukamara;Kab_Sukamara;Kab_Sukamara@mail.com;PW15;Pemerintah Daerah;Kab. Sukamara;password;
348;Kota Palangkaraya;Kota_Palangkaraya;Kota_Palangkaraya@mail.com;PW15;Pemerintah Daerah;Kota Palangkaraya;password;
349;Prov. Kalimantan Selatan;Prov_Kalimantan_Selatan;Prov_Kalimantan_Selatan@mail.com;PW16;Pemerintah Daerah;Prov. Kalimantan Selatan;password;
350;Kab. Balangan;Kab_Balangan;Kab_Balangan@mail.com;PW16;Pemerintah Daerah;Kab. Balangan;password;
351;Kab. Banjar;Kab_Banjar;Kab_Banjar@mail.com;PW16;Pemerintah Daerah;Kab. Banjar;password;
352;Kab. Barito Kuala;Kab_Barku;Kab_Barku@mail.com;PW16;Pemerintah Daerah;Kab. Barito Kuala;password;
353;Kab. Hulu Sungai Selatan;Kab_HSS;Kab_HSS@mail.com;PW16;Pemerintah Daerah;Kab. Hulu Sungai Selatan;password;
354;Kab. Hulu Sungai Tengah;Kab_HST;Kab_HST@mail.com;PW16;Pemerintah Daerah;Kab. Hulu Sungai Tengah;password;
355;Kab. Hulu Sungai Utara;Kab_HSU;Kab_HSU@mail.com;PW16;Pemerintah Daerah;Kab. Hulu Sungai Utara;password;
356;Kab. Kotabaru;Kab_Kotabaru;Kab_Kotabaru@mail.com;PW16;Pemerintah Daerah;Kab. Kotabaru;password;
357;Kab. Tabalong;Kab_Tabalong;Kab_Tabalong@mail.com;PW16;Pemerintah Daerah;Kab. Tabalong;password;
358;Kab. Tanah Bumbu;Kab_Bumbu;Kab_Bumbu@mail.com;PW16;Pemerintah Daerah;Kab. Tanah Bumbu;password;
359;Kab. Tanah Laut;Kab_Talaut;Kab_Talaut@mail.com;PW16;Pemerintah Daerah;Kab. Tanah Laut;password;
360;Kab. Tapin;Kab_Tapin;Kab_Tapin@mail.com;PW16;Pemerintah Daerah;Kab. Tapin;password;
361;Kota Banjar Baru;Kota_Banjarbaru;Kota_Banjarbaru@mail.com;PW16;Pemerintah Daerah;Kota Banjar Baru;password;
362;Kota Banjarmasin;Kota_Banjarmasin;Kota_Banjarmasin@mail.com;PW16;Pemerintah Daerah;Kota Banjarmasin;password;
363;Prov. Kalimantan Timur;Prov_Kalimantan_Timur;Prov_Kalimantan_Timur@mail.com;PW17;Pemerintah Daerah;Prov. Kalimantan Timur;password;
364;Kab. Berau;Kab_Berau;Kab_Berau@mail.com;PW17;Pemerintah Daerah;Kab. Berau;password;
365;Kab. Kutai Barat;Kab_Kubar;Kab_Kubar@mail.com;PW17;Pemerintah Daerah;Kab. Kutai Barat;password;
366;Kab. Kutai Kertanegara;Kab_Kutai;Kab_Kutai@mail.com;PW17;Pemerintah Daerah;Kab. Kutai Kertanegara;password;
367;Kab. Kutai Timur;Kab_Kutim;Kab_Kutim@mail.com;PW17;Pemerintah Daerah;Kab. Kutai Timur;password;
368;Kab. Mahakam Ulu;Kab_Malu;Kab_Malu@mail.com;PW17;Pemerintah Daerah;Kab. Mahakam Ulu;password;
369;Kab. Paser;Kab_Paser;Kab_Paser@mail.com;PW17;Pemerintah Daerah;Kab. Paser;password;
370;Kab. Penajam Paser Utara;Kab_PPU;Kab_PPU@mail.com;PW17;Pemerintah Daerah;Kab. Penajam Paser Utara;password;
371;Kota Balikpapan;Kota_Balikpapan;Kota_Balikpapan@mail.com;PW17;Pemerintah Daerah;Kota Balikpapan;password;
372;Kota Bontang;Kota_Bontang;Kota_Bontang@mail.com;PW17;Pemerintah Daerah;Kota Bontang;password;
373;Kota Samarinda;Kota_Samarinda;Kota_Samarinda@mail.com;PW17;Pemerintah Daerah;Kota Samarinda;password;
374;Prov. Kalimantan Utara;Prov_Kalimantan_Utara;Prov_Kalimantan_Utara@mail.com;PW34;Pemerintah Daerah;Prov. Kalimantan Utara;password;
375;Kab. Bulungan;Kab_Bulungan;Kab_Bulungan@mail.com;PW34;Pemerintah Daerah;Kab. Bulungan;password;
376;Kab. Malinau;Kab_Malinau;Kab_Malinau@mail.com;PW34;Pemerintah Daerah;Kab. Malinau;password;
377;Kab. Nunukan;Kab_Nunukan;Kab_Nunukan@mail.com;PW34;Pemerintah Daerah;Kab. Nunukan;password;
378;Kab. Tana Tidung;Kab_Tidung;Kab_Tidung@mail.com;PW34;Pemerintah Daerah;Kab. Tana Tidung;password;
379;Kota Tarakan;Kota_Tarakan;Kota_Tarakan@mail.com;PW34;Pemerintah Daerah;Kota Tarakan;password;
380;Prov. Sulawesi Barat;Prov_Sulawesi_Barat;Prov_Sulawesi_Barat@mail.com;PW32;Pemerintah Daerah;Prov. Sulawesi Barat;password;
381;Kab. Majene;Kab_Majene;Kab_Majene@mail.com;PW32;Pemerintah Daerah;Kab. Majene;password;
382;Kab. Mamasa;Kab_Mamasa;Kab_Mamasa@mail.com;PW32;Pemerintah Daerah;Kab. Mamasa;password;
383;Kab. Mamuju;Kab_Mamuju;Kab_Mamuju@mail.com;PW32;Pemerintah Daerah;Kab. Mamuju;password;
384;Kab. Mamuju Tengah;Kab_Mamuteng;Kab_Mamuteng@mail.com;PW32;Pemerintah Daerah;Kab. Mamuju Tengah;password;
385;Kab. Pasang Kayu (Mamuju Utara);Kab_Sangyu;Kab_Sangyu@mail.com;PW32;Pemerintah Daerah;Kab. Pasang Kayu (Mamuju Utara);password;
386;Kab. Polewali Mandar;Kab_Polman;Kab_Polman@mail.com;PW32;Pemerintah Daerah;Kab. Polewali Mandar;password;
387;Prov. Sulawesi Utara;Prov_Sulawesi_Utara;Prov_Sulawesi_Utara@mail.com;PW18;Pemerintah Daerah;Prov. Sulawesi Utara;password;
388;Kab. Bolaang Mongondow;Kab_BM;Kab_BM@mail.com;PW18;Pemerintah Daerah;Kab. Bolaang Mongondow;password;
389;Kab. Bolaang Mongondow Selatan;Kab_BMS;Kab_BMS@mail.com;PW18;Pemerintah Daerah;Kab. Bolaang Mongondow Selatan;password;
390;Kab. Bolaang Mongondow Timur;Kab_BMT;Kab_BMT@mail.com;PW18;Pemerintah Daerah;Kab. Bolaang Mongondow Timur;password;
391;Kab. Bolaang Mongondow Utara;Kab_BMU;Kab_BMU@mail.com;PW18;Pemerintah Daerah;Kab. Bolaang Mongondow Utara;password;
392;Kab. Kep. Talaud;Kab_Talaud;Kab_Talaud@mail.com;PW18;Pemerintah Daerah;Kab. Kep. Talaud;password;
393;Kab. Minahasa;Kab_Minahasa;Kab_Minahasa@mail.com;PW18;Pemerintah Daerah;Kab. Minahasa;password;
394;Kab. Minahasa Selatan;Kab_Minasel;Kab_Minasel@mail.com;PW18;Pemerintah Daerah;Kab. Minahasa Selatan;password;
395;Kab. Minahasa Tenggara;Kab_Minara;Kab_Minara@mail.com;PW18;Pemerintah Daerah;Kab. Minahasa Tenggara;password;
396;Kab. Minahasa Utara;Kab_Minaut;Kab_Minaut@mail.com;PW18;Pemerintah Daerah;Kab. Minahasa Utara;password;
397;Kab. Siau Tagulandang Biaro;Kab_Sitaro;Kab_Sitaro@mail.com;PW18;Pemerintah Daerah;Kab. Siau Tagulandang Biaro;password;
398;Kab. Kep. Sangihe;Kab_Sangihe;Kab_Sangihe@mail.com;PW18;Pemerintah Daerah;Kab. Kep. Sangihe;password;
399;Kota Bitung;Kota_Bitung;Kota_Bitung@mail.com;PW18;Pemerintah Daerah;Kota Bitung;password;
400;Kota Kotamobagu;Kota_Kotamobagu;Kota_Kotamobagu@mail.com;PW18;Pemerintah Daerah;Kota Kotamobagu;password;
401;Kota Manado;Kota_Manado;Kota_Manado@mail.com;PW18;Pemerintah Daerah;Kota Manado;password;
402;Kota Tomohon;Kota_Tomohon;Kota_Tomohon@mail.com;PW18;Pemerintah Daerah;Kota Tomohon;password;
403;Prov. Gorontalo;Prov_Gorontalo;Prov_Gorontalo@mail.com;PW31;Pemerintah Daerah;Prov. Gorontalo;password;
404;Kab. Boalemo;Kab_Boalemo;Kab_Boalemo@mail.com;PW31;Pemerintah Daerah;Kab. Boalemo;password;
405;Kab. Bone Bolango;Kab_Bolango;Kab_Bolango@mail.com;PW31;Pemerintah Daerah;Kab. Bone Bolango;password;
406;Kab. Gorontalo;Kab_Gorontalo;Kab_Gorontalo@mail.com;PW31;Pemerintah Daerah;Kab. Gorontalo;password;
407;Kab. Gorontalo Utara;Kab_Gorontalout;Kab_Gorontalout@mail.com;PW31;Pemerintah Daerah;Kab. Gorontalo Utara;password;
408;Kab. Pohuwato;Kab_Pohuwato;Kab_Pohuwato@mail.com;PW31;Pemerintah Daerah;Kab. Pohuwato;password;
409;Kota Gorontalo;Kota_Gorontalo;Kota_Gorontalo@mail.com;PW31;Pemerintah Daerah;Kota Gorontalo;password;
410;Prov. Sulawesi Tengah;Prov_Sulawesi_Tengah;Prov_Sulawesi_Tengah@mail.com;PW19;Pemerintah Daerah;Prov. Sulawesi Tengah;password;
411;Kab. Banggai;Kab_Banggai;Kab_Banggai@mail.com;PW19;Pemerintah Daerah;Kab. Banggai;password;
412;Kab. Banggai Kepulauan;Kab_Bangkep;Kab_Bangkep@mail.com;PW19;Pemerintah Daerah;Kab. Banggai Kepulauan;password;
413;Kab. Banggai Laut;Kab_Banglau;Kab_Banglau@mail.com;PW19;Pemerintah Daerah;Kab. Banggai Laut;password;
414;Kab. Buol;Kab_Buol;Kab_Buol@mail.com;PW19;Pemerintah Daerah;Kab. Buol;password;
415;Kab. Donggala;Kab_Donggala;Kab_Donggala@mail.com;PW19;Pemerintah Daerah;Kab. Donggala;password;
416;Kab. Morowali;Kab_Morowali;Kab_Morowali@mail.com;PW19;Pemerintah Daerah;Kab. Morowali;password;
417;Kab. Morowali Utara;Kab_Morut;Kab_Morut@mail.com;PW19;Pemerintah Daerah;Kab. Morowali Utara;password;
418;Kab. Parigi Moutong;Kab_Parigi;Kab_Parigi@mail.com;PW19;Pemerintah Daerah;Kab. Parigi Moutong;password;
419;Kab. Poso;Kab_Poso;Kab_Poso@mail.com;PW19;Pemerintah Daerah;Kab. Poso;password;
420;Kab. Sigi;Kab_Sigi;Kab_Sigi@mail.com;PW19;Pemerintah Daerah;Kab. Sigi;password;
421;Kab. Tojo Una-Una;Kab_Tojo;Kab_Tojo@mail.com;PW19;Pemerintah Daerah;Kab. Tojo Una-Una;password;
422;Kab. Toli-Toli;Kab_Tolitoli;Kab_Tolitoli@mail.com;PW19;Pemerintah Daerah;Kab. Toli-Toli;password;
423;Kota Palu;Kota_Palu;Kota_Palu@mail.com;PW19;Pemerintah Daerah;Kota Palu;password;
424;Prov. Sulawesi Selatan;Prov_Sulawesi_Selatan;Prov_Sulawesi_Selatan@mail.com;PW21;Pemerintah Daerah;Prov. Sulawesi Selatan;password;
425;Kab. Bantaeng;Kab_Bantaeng;Kab_Bantaeng@mail.com;PW21;Pemerintah Daerah;Kab. Bantaeng;password;
426;Kab. Barru;Kab_Barru;Kab_Barru@mail.com;PW21;Pemerintah Daerah;Kab. Barru;password;
427;Kab. Bone;Kab_Bone;Kab_Bone@mail.com;PW21;Pemerintah Daerah;Kab. Bone;password;
428;Kab. Bulu Kumba;Kab_Bulkum;Kab_Bulkum@mail.com;PW21;Pemerintah Daerah;Kab. Bulu Kumba;password;
429;Kab. Enrekang;Kab_Enrekang;Kab_Enrekang@mail.com;PW21;Pemerintah Daerah;Kab. Enrekang;password;
430;Kab. Gowa;Kab_Gowa;Kab_Gowa@mail.com;PW21;Pemerintah Daerah;Kab. Gowa;password;
431;Kab. Jeneponto;Kab_Jeneponto;Kab_Jeneponto@mail.com;PW21;Pemerintah Daerah;Kab. Jeneponto;password;
432;Kab. Luwu;Kab_Luwu;Kab_Luwu@mail.com;PW21;Pemerintah Daerah;Kab. Luwu;password;
433;Kab. Luwu Timur;Kab_Lutim;Kab_Lutim@mail.com;PW21;Pemerintah Daerah;Kab. Luwu Timur;password;
434;Kab. Luwu Utara;Kab_Luwut;Kab_Luwut@mail.com;PW21;Pemerintah Daerah;Kab. Luwu Utara;password;
435;Kab. Maros;Kab_Maros;Kab_Maros@mail.com;PW21;Pemerintah Daerah;Kab. Maros;password;
436;Kab. Pangkep;Kab_Pangkep;Kab_Pangkep@mail.com;PW21;Pemerintah Daerah;Kab. Pangkep;password;
437;Kab. Pinrang;Kab_Pinrang;Kab_Pinrang@mail.com;PW21;Pemerintah Daerah;Kab. Pinrang;password;
438;Kab. Kepulauan Selayar;Kab_Selayar;Kab_Selayar@mail.com;PW21;Pemerintah Daerah;Kab. Kepulauan Selayar;password;
439;Kab. Sidrap;Kab_Sidrap;Kab_Sidrap@mail.com;PW21;Pemerintah Daerah;Kab. Sidrap;password;
440;Kab. Sinjai;Kab_Sinjai;Kab_Sinjai@mail.com;PW21;Pemerintah Daerah;Kab. Sinjai;password;
441;Kab. Soppeng;Kab_Soppeng;Kab_Soppeng@mail.com;PW21;Pemerintah Daerah;Kab. Soppeng;password;
442;Kab. Takalar;Kab_Takalar;Kab_Takalar@mail.com;PW21;Pemerintah Daerah;Kab. Takalar;password;
443;Kab. Tanatoraja;Kab_Tanatoraja;Kab_Tanatoraja@mail.com;PW21;Pemerintah Daerah;Kab. Tanatoraja;password;
444;Kab. Toraja Utara;Kab_Toraja;Kab_Toraja@mail.com;PW21;Pemerintah Daerah;Kab. Toraja Utara;password;
445;Kab. Wajo;Kab_Wajo;Kab_Wajo@mail.com;PW21;Pemerintah Daerah;Kab. Wajo;password;
446;Kota Makassar;Kota_Makassar;Kota_Makassar@mail.com;PW21;Pemerintah Daerah;Kota Makassar;password;
447;Kota Palopo;Kota_Palopo;Kota_Palopo@mail.com;PW21;Pemerintah Daerah;Kota Palopo;password;
448;Kota Pare-Pare;Kota_Pare-Pare;Kota_Pare-Pare@mail.com;PW21;Pemerintah Daerah;Kota Pare-Pare;password;
449;Prov. Sulawesi Tenggara;Prov_Sulawesi_Tenggara;Prov_Sulawesi_Tenggara@mail.com;PW20;Pemerintah Daerah;Prov. Sulawesi Tenggara;password;
450;Kab. Bombana;Kab_Bombana;Kab_Bombana@mail.com;PW20;Pemerintah Daerah;Kab. Bombana;password;
451;Kab. Buton;Kab_Buton;Kab_Buton@mail.com;PW20;Pemerintah Daerah;Kab. Buton;password;
452;Kab. Buton Utara;Kab_Butonra;Kab_Butonra@mail.com;PW20;Pemerintah Daerah;Kab. Buton Utara;password;
453;Kab. Kolaka;Kab_Kolaka;Kab_Kolaka@mail.com;PW20;Pemerintah Daerah;Kab. Kolaka;password;
454;Kab. Kolaka Timur;Kab_Kolatim;Kab_Kolatim@mail.com;PW20;Pemerintah Daerah;Kab. Kolaka Timur;password;
455;Kab. Kolaka Utara;Kab_Kolaut;Kab_Kolaut@mail.com;PW20;Pemerintah Daerah;Kab. Kolaka Utara;password;
456;Kab. Konawe;Kab_Konawe;Kab_Konawe@mail.com;PW20;Pemerintah Daerah;Kab. Konawe;password;
457;Kab. Konawe Kepulauan;Kab_Konakep;Kab_Konakep@mail.com;PW20;Pemerintah Daerah;Kab. Konawe Kepulauan;password;
458;Kab. Konawe Selatan;Kab_Konasel;Kab_Konasel@mail.com;PW20;Pemerintah Daerah;Kab. Konawe Selatan;password;
459;Kab. Konawe Utara;Kab_Konaut;Kab_Konaut@mail.com;PW20;Pemerintah Daerah;Kab. Konawe Utara;password;
460;Kab. Muna;Kab_Muna;Kab_Muna@mail.com;PW20;Pemerintah Daerah;Kab. Muna;password;
461;Kab. Wakatobi;Kab_Wakatobi;Kab_Wakatobi@mail.com;PW20;Pemerintah Daerah;Kab. Wakatobi;password;
462;Kota Bau-Bau;Kota_Baubau;Kota_Baubau@mail.com;PW20;Pemerintah Daerah;Kota Bau-Bau;password;
463;Kota Kendari;Kota_Kendari;Kota_Kendari@mail.com;PW20;Pemerintah Daerah;Kota Kendari;password;
464;Kab. Buton Selatan;Kab_Busel;Kab_Busel@mail.com;PW20;Pemerintah Daerah;Kab. Buton Selatan;password;
465;Kab. Buton Tengah;Kab_Buteng;Kab_Buteng@mail.com;PW20;Pemerintah Daerah;Kab. Buton Tengah;password;
466;Kab. Muna Barat;Kab_Mubar;Kab_Mubar@mail.com;PW20;Pemerintah Daerah;Kab. Muna Barat;password;
467;Prov. Bali;Prov_Bali;Prov_Bali@mail.com;PW22;Pemerintah Daerah;Prov. Bali;password;
468;Kab. Badung;Kab_Badung;Kab_Badung@mail.com;PW22;Pemerintah Daerah;Kab. Badung;password;
469;Kab. Bangli;Kab_Bangli;Kab_Bangli@mail.com;PW22;Pemerintah Daerah;Kab. Bangli;password;
470;Kab. Buleleng;Kab_Buleleng;Kab_Buleleng@mail.com;PW22;Pemerintah Daerah;Kab. Buleleng;password;
471;Kab. Gianyar;Kab_Gianyar;Kab_Gianyar@mail.com;PW22;Pemerintah Daerah;Kab. Gianyar;password;
472;Kab. Jembrana;Kab_Jembrana;Kab_Jembrana@mail.com;PW22;Pemerintah Daerah;Kab. Jembrana;password;
473;Kab. Karang Asem;Kab_Karangasem;Kab_Karangasem@mail.com;PW22;Pemerintah Daerah;Kab. Karang Asem;password;
474;Kab. Klungkung;Kab_Klungkung;Kab_Klungkung@mail.com;PW22;Pemerintah Daerah;Kab. Klungkung;password;
475;Kab. Tabanan;Kab_Tabanan;Kab_Tabanan@mail.com;PW22;Pemerintah Daerah;Kab. Tabanan;password;
476;Kota Denpasar;Kota_Denpasar;Kota_Denpasar@mail.com;PW22;Pemerintah Daerah;Kota Denpasar;password;
477;Prov. Nusa Tenggara Barat;Prov_Nusa_Tenggara_Barat;Prov_Nusa_Tenggara_Barat@mail.com;PW23;Pemerintah Daerah;Prov. Nusa Tenggara Barat;password;
478;Kab. Bima;Kab_Bima;Kab_Bima@mail.com;PW23;Pemerintah Daerah;Kab. Bima;password;
479;Kab. Dompu;Kab_Dompu;Kab_Dompu@mail.com;PW23;Pemerintah Daerah;Kab. Dompu;password;
480;Kab. Lombok Barat;Kab_Lombar;Kab_Lombar@mail.com;PW23;Pemerintah Daerah;Kab. Lombok Barat;password;
481;Kab. Lombok Timur;Kab_Lomtim;Kab_Lomtim@mail.com;PW23;Pemerintah Daerah;Kab. Lombok Timur;password;
482;Kab. Lombok Utara;Kab_Lomut;Kab_Lomut@mail.com;PW23;Pemerintah Daerah;Kab. Lombok Utara;password;
483;Kab. Sumbawa;Kab_Sumbawa;Kab_Sumbawa@mail.com;PW23;Pemerintah Daerah;Kab. Sumbawa;password;
484;Kab. Sumbawa Barat;Kab_Sumbawat;Kab_Sumbawat@mail.com;PW23;Pemerintah Daerah;Kab. Sumbawa Barat;password;
485;Kab. Lombok Tengah;Kab_Lomteng;Kab_Lomteng@mail.com;PW23;Pemerintah Daerah;Kab. Lombok Tengah;password;
486;Kota Bima;Kota_Bima;Kota_Bima@mail.com;PW23;Pemerintah Daerah;Kota Bima;password;
487;Kota Mataram;Kota_Mataram;Kota_Mataram@mail.com;PW23;Pemerintah Daerah;Kota Mataram;password;
488;Prov. Nusa Tenggara Timur;Prov_Nusa_Tenggara_Timur;Prov_Nusa_Tenggara_Timur@mail.com;PW24;Pemerintah Daerah;Prov. Nusa Tenggara Timur;password;
489;Kab. Alor;Kab_Alor;Kab_Alor@mail.com;PW24;Pemerintah Daerah;Kab. Alor;password;
490;Kab. Belu;Kab_Belu;Kab_Belu@mail.com;PW24;Pemerintah Daerah;Kab. Belu;password;
491;Kab. Ende;Kab_Ende;Kab_Ende@mail.com;PW24;Pemerintah Daerah;Kab. Ende;password;
492;Kab. Flores Timur;Kab_Flores;Kab_Flores@mail.com;PW24;Pemerintah Daerah;Kab. Flores Timur;password;
493;Kab. Kupang;Kab_Kupang;Kab_Kupang@mail.com;PW24;Pemerintah Daerah;Kab. Kupang;password;
494;Kab. Lembata;Kab_Lembata;Kab_Lembata@mail.com;PW24;Pemerintah Daerah;Kab. Lembata;password;
495;Kab. Malaka;Kab_Malaka;Kab_Malaka@mail.com;PW24;Pemerintah Daerah;Kab. Malaka;password;
496;Kab. Manggarai;Kab_Manggarai;Kab_Manggarai@mail.com;PW24;Pemerintah Daerah;Kab. Manggarai;password;
497;Kab. Manggarai Barat;Kab_Mangbar;Kab_Mangbar@mail.com;PW24;Pemerintah Daerah;Kab. Manggarai Barat;password;
498;Kab. Manggarai Timur;Kab_Mangtim;Kab_Mangtim@mail.com;PW24;Pemerintah Daerah;Kab. Manggarai Timur;password;
499;Kab. Nagekeo;Kab_Nagekeo;Kab_Nagekeo@mail.com;PW24;Pemerintah Daerah;Kab. Nagekeo;password;
500;Kab. Ngada;Kab_Ngada;Kab_Ngada@mail.com;PW24;Pemerintah Daerah;Kab. Ngada;password;
501;Kab. Rote Ndao;Kab_Rote;Kab_Rote@mail.com;PW24;Pemerintah Daerah;Kab. Rote Ndao;password;
502;Kab. Sabu Raijua;Kab_Sabu;Kab_Sabu@mail.com;PW24;Pemerintah Daerah;Kab. Sabu Raijua;password;
503;Kab. Sikka;Kab_Sikka;Kab_Sikka@mail.com;PW24;Pemerintah Daerah;Kab. Sikka;password;
504;Kab. Sumba Barat;Kab_Sumbar;Kab_Sumbar@mail.com;PW24;Pemerintah Daerah;Kab. Sumba Barat;password;
505;Kab. Sumba Barat Daya;Kab_Sumbaya;Kab_Sumbaya@mail.com;PW24;Pemerintah Daerah;Kab. Sumba Barat Daya;password;
506;Kab. Sumba Tengah;Kab_Sumbat;Kab_Sumbat@mail.com;PW24;Pemerintah Daerah;Kab. Sumba Tengah;password;
507;Kab. Sumba Timur;Kab_Sumur;Kab_Sumur@mail.com;PW24;Pemerintah Daerah;Kab. Sumba Timur;password;
508;Kab. Timor Tengah Selatan;Kab_TTS;Kab_TTS@mail.com;PW24;Pemerintah Daerah;Kab. Timor Tengah Selatan;password;
509;Kab. Timor Tengah Utara;Kab_TTU;Kab_TTU@mail.com;PW24;Pemerintah Daerah;Kab. Timor Tengah Utara;password;
510;Kota Kupang;Kota_Kupang;Kota_Kupang@mail.com;PW24;Pemerintah Daerah;Kota Kupang;password;
511;Prov. Maluku;Prov_Maluku;Prov_Maluku@mail.com;PW25;Pemerintah Daerah;Prov. Maluku;password;
512;Kab. Buru;Kab_Buru;Kab_Buru@mail.com;PW25;Pemerintah Daerah;Kab. Buru;password;
513;Kab. Buru Selatan;Kab_Bursel;Kab_Bursel@mail.com;PW25;Pemerintah Daerah;Kab. Buru Selatan;password;
514;Kab. Kep. Aru;Kab_Aru;Kab_Aru@mail.com;PW25;Pemerintah Daerah;Kab. Kep. Aru;password;
515;Kab. Maluku Barat Daya;Kab_Mabaya;Kab_Mabaya@mail.com;PW25;Pemerintah Daerah;Kab. Maluku Barat Daya;password;
516;Kab. Maluku Tengah;Kab_Mateng;Kab_Mateng@mail.com;PW25;Pemerintah Daerah;Kab. Maluku Tengah;password;
517;Kab. Maluku Tenggara;Kab_Mara;Kab_Mara@mail.com;PW25;Pemerintah Daerah;Kab. Maluku Tenggara;password;
518;Kab. Maluku Tenggara Barat (Kab. Kep. Tanimbar);Kab_Matera;Kab_Matera@mail.com;PW25;Pemerintah Daerah;Kab. Maluku Tenggara Barat (Kab. Kep. Tanimbar);password;
519;Kab. Seram Bagian Barat;Kab_Serat;Kab_Serat@mail.com;PW25;Pemerintah Daerah;Kab. Seram Bagian Barat;password;
520;Kab. Seram Bagian Timur;Kab_Setim;Kab_Setim@mail.com;PW25;Pemerintah Daerah;Kab. Seram Bagian Timur;password;
521;Kota Ambon;Kota_Ambon;Kota_Ambon@mail.com;PW25;Pemerintah Daerah;Kota Ambon;password;
522;Kota Tual;Kota_Tual;Kota_Tual@mail.com;PW25;Pemerintah Daerah;Kota Tual;password;
523;Prov. Maluku Utara;Prov_Maluku_Utara;Prov_Maluku_Utara@mail.com;PW33;Pemerintah Daerah;Prov. Maluku Utara;password;
524;Kab. Halmahera Barat;Kab_Halbar;Kab_Halbar@mail.com;PW33;Pemerintah Daerah;Kab. Halmahera Barat;password;
525;Kab. Halmahera Selatan;Kab_Halsel;Kab_Halsel@mail.com;PW33;Pemerintah Daerah;Kab. Halmahera Selatan;password;
526;Kab. Halmahera Tengah;Kab_Halteng;Kab_Halteng@mail.com;PW33;Pemerintah Daerah;Kab. Halmahera Tengah;password;
527;Kab. Halmahera Timur;Kab_Haltim;Kab_Haltim@mail.com;PW33;Pemerintah Daerah;Kab. Halmahera Timur;password;
528;Kab. Halmahera Utara;Kab_Halut;Kab_Halut@mail.com;PW33;Pemerintah Daerah;Kab. Halmahera Utara;password;
529;Kab. Kepl. Sula;Kab_Sula;Kab_Sula@mail.com;PW33;Pemerintah Daerah;Kab. Kepl. Sula;password;
530;Kab. Pulau Morotai;Kab_Morotai;Kab_Morotai@mail.com;PW33;Pemerintah Daerah;Kab. Pulau Morotai;password;
531;Kab. Pulau Taliabu;Kab_Taliabu;Kab_Taliabu@mail.com;PW33;Pemerintah Daerah;Kab. Pulau Taliabu;password;
532;Kota Ternate;Kota_Ternate;Kota_Ternate@mail.com;PW33;Pemerintah Daerah;Kota Ternate;password;
533;Kota Tidore Kepulauan;Kota_Tidore;Kota_Tidore@mail.com;PW33;Pemerintah Daerah;Kota Tidore Kepulauan;password;
534;Prov. Papua;Prov_Papua;Prov_Papua@mail.com;PW26;Pemerintah Daerah;Prov. Papua;password;
535;Kab. Biak Numfor;Kab_Biak;Kab_Biak@mail.com;PW26;Pemerintah Daerah;Kab. Biak Numfor;password;
536;Kab. Jayapura;Kab_Jayapura;Kab_Jayapura@mail.com;PW26;Pemerintah Daerah;Kab. Jayapura;password;
537;Kab. Keerom;Kab_Keerom;Kab_Keerom@mail.com;PW26;Pemerintah Daerah;Kab. Keerom;password;
538;Kab. Kepulauan Yapen;Kab_Yapen;Kab_Yapen@mail.com;PW26;Pemerintah Daerah;Kab. Kepulauan Yapen;password;
539;Kab. Mamberamo Raya;Kab_Mamra;Kab_Mamra@mail.com;PW26;Pemerintah Daerah;Kab. Mamberamo Raya;password;
540;Kab. Sarmi;Kab_Sarmi;Kab_Sarmi@mail.com;PW26;Pemerintah Daerah;Kab. Sarmi;password;
541;Kab. Supiori;Kab_Supiori;Kab_Supiori@mail.com;PW26;Pemerintah Daerah;Kab. Supiori;password;
542;Kab. Waropen;Kab_Waropen;Kab_Waropen@mail.com;PW26;Pemerintah Daerah;Kab. Waropen;password;
543;Kota Jayapura;Kota_Jayapura;Kota_Jayapura@mail.com;PW26;Pemerintah Daerah;Kota Jayapura;password;
544;Prov. Papua Barat;Prov_Papua_Barat;Prov_Papua_Barat@mail.com;PW27;Pemerintah Daerah;Prov. Papua Barat;password;
545;Kab. Fak-Fak;Kab_Fakfak;Kab_Fakfak@mail.com;PW27;Pemerintah Daerah;Kab. Fak-Fak;password;
546;Kab. Kaimana;Kab_Kaimana;Kab_Kaimana@mail.com;PW27;Pemerintah Daerah;Kab. Kaimana;password;
547;Kab. Manokwari;Kab_Manokwari;Kab_Manokwari@mail.com;PW27;Pemerintah Daerah;Kab. Manokwari;password;
548;Kab. Manokwari Selatan;Kab_Manosel;Kab_Manosel@mail.com;PW27;Pemerintah Daerah;Kab. Manokwari Selatan;password;
549;Kab. Pegunungan Arfak;Kab_Arfak;Kab_Arfak@mail.com;PW27;Pemerintah Daerah;Kab. Pegunungan Arfak;password;
550;Kab. Teluk Bintuni;Kab_Bintuni;Kab_Bintuni@mail.com;PW27;Pemerintah Daerah;Kab. Teluk Bintuni;password;
551;Kab. Teluk Wondama;Kab_Wondama;Kab_Wondama@mail.com;PW27;Pemerintah Daerah;Kab. Teluk Wondama;password;
552;Prov. Papua Selatan;Prov_Papua_Selatan;Prov_Papua_Selatan@mail.com;PW26;Pemerintah Daerah;Prov. Papua Selatan;password;
553;Kab. Asmat;Kab_Asmat;Kab_Asmat@mail.com;PW26;Pemerintah Daerah;Kab. Asmat;password;
554;Kab. Boven Digoel;Kab_Bogoel;Kab_Bogoel@mail.com;PW26;Pemerintah Daerah;Kab. Boven Digoel;password;
555;Kab. Mappi;Kab_Mappi;Kab_Mappi@mail.com;PW26;Pemerintah Daerah;Kab. Mappi;password;
556;Kab. Merauke;Kab_Merauke;Kab_Merauke@mail.com;PW26;Pemerintah Daerah;Kab. Merauke;password;
557;Prov. Papua Tengah;Prov_Papua_Tengah;Prov_Papua_Tengah@mail.com;PW26;Pemerintah Daerah;Prov. Papua Tengah;password;
558;Kab. Deiyai;Kab_Deiyai;Kab_Deiyai@mail.com;PW26;Pemerintah Daerah;Kab. Deiyai;password;
559;Kab. Dogiyai;Kab_Dogiyai;Kab_Dogiyai@mail.com;PW26;Pemerintah Daerah;Kab. Dogiyai;password;
560;Kab. Intan Jaya;Kab_Intanjaya;Kab_Intanjaya@mail.com;PW26;Pemerintah Daerah;Kab. Intan Jaya;password;
561;Kab. Mimika;Kab_Mimika;Kab_Mimika@mail.com;PW26;Pemerintah Daerah;Kab. Mimika;password;
562;Kab. Nabire;Kab_Nabire;Kab_Nabire@mail.com;PW26;Pemerintah Daerah;Kab. Nabire;password;
563;Kab. Paniai;Kab_Paniai;Kab_Paniai@mail.com;PW26;Pemerintah Daerah;Kab. Paniai;password;
564;Kab. Puncak;Kab_Puncak;Kab_Puncak@mail.com;PW26;Pemerintah Daerah;Kab. Puncak;password;
565;Kab. Puncak Jaya;Kab_Puncakjaya;Kab_Puncakjaya@mail.com;PW26;Pemerintah Daerah;Kab. Puncak Jaya;password;
566;Prov. Papua Pegunungan;Prov_Papua_Pegunungan;Prov_Papua_Pegunungan@mail.com;PW26;Pemerintah Daerah;Prov. Papua Pegunungan;password;
567;Kab. Jayawijaya;Kab_Jayawijaya;Kab_Jayawijaya@mail.com;PW26;Pemerintah Daerah;Kab. Jayawijaya;password;
568;Kab. Lanny Jaya;Kab_Lannyjaya;Kab_Lannyjaya@mail.com;PW26;Pemerintah Daerah;Kab. Lanny Jaya;password;
569;Kab. Mamberamo Tengah;Kab_Mamteng;Kab_Mamteng@mail.com;PW26;Pemerintah Daerah;Kab. Mamberamo Tengah;password;
570;Kab. Nduga;Kab_Nduga;Kab_Nduga@mail.com;PW26;Pemerintah Daerah;Kab. Nduga;password;
571;Kab. Pegunungan Bintang;Kab_Bintang;Kab_Bintang@mail.com;PW26;Pemerintah Daerah;Kab. Pegunungan Bintang;password;
572;Kab. Tolikara;Kab_Tolikara;Kab_Tolikara@mail.com;PW26;Pemerintah Daerah;Kab. Tolikara;password;
573;Kab. Yahukimo;Kab_Yahukimo;Kab_Yahukimo@mail.com;PW26;Pemerintah Daerah;Kab. Yahukimo;password;
574;Kab. Yalimo;Kab_Yalimo;Kab_Yalimo@mail.com;PW26;Pemerintah Daerah;Kab. Yalimo;password;
575;Prov. Papua Barat Daya;Prov_Papua_Barat_Daya;Prov_Papua_Barat_Daya@mail.com;PW27;Pemerintah Daerah;Prov. Papua Barat Daya;password;
576;Kab. Kep. Raja Ampat;Kab_Rajaampat;Kab_Rajaampat@mail.com;PW27;Pemerintah Daerah;Kab. Kep. Raja Ampat;password;
577;Kab. Maybrat;Kab_Maybrat;Kab_Maybrat@mail.com;PW27;Pemerintah Daerah;Kab. Maybrat;password;
578;Kab. Sorong;Kab_Sorong;Kab_Sorong@mail.com;PW27;Pemerintah Daerah;Kab. Sorong;password;
579;Kab. Sorong Selatan;Kab_Sotan;Kab_Sotan@mail.com;PW27;Pemerintah Daerah;Kab. Sorong Selatan;password;
580;Kab. Tambrauw;Kab_Tambrauw;Kab_Tambrauw@mail.com;PW27;Pemerintah Daerah;Kab. Tambrauw;password;
581;Kota Sorong;Kota_Sorong;Kota_Sorong@mail.com;PW27;Pemerintah Daerah;Kota Sorong;password;
